Impressora HP LaserJet P1102W;253895
PS4;502162
Arno Dolce Gusto;567178
Multifuncional Samsung SL-M2070W;567841
Home Theater Samsung;586746
Nespresso Inissia;587522
Smart TV Samsung Série 5;603847
Multifuncional Epson EcoTank;609289
Xbox 360;609852
Smart TV Samsung;611655
Dell Vostro 5480;612161
Nespresso Lattissima;612409
Compaq Presario CQ-23;616812
Xperia Z5;616841
Galaxy A7;618960
Positivo Premium XRI7150;619017
AOC LE24D1461;619080
Galaxy S7;619255
iPhone SE 16GB;619751
Philco PH28D27D;620048
Semp Toshiba 32L1500;620158
Home Theater LG;620289
Samsung Chromebook 3;621940
Samsung UN49K6500AG;622710
Smart TV Samsung Série 6;622851
Lenovo IdeaPad 310;622945
Multifuncional HP OfficeJet;623419
Acer Aspire ES1-572-36XW;623510
iPhone 7;623712
Samsung Essentials E34;626151
Samsung UN32K4100AG;626406
Positivo Duo ZR3630;627061